name,surname,party,image_url,image_path
Jens,Spahn,CDU/CSU,https://www.bundestag.de/resource/image/1053088/3x4/432/576/e495611888a4180abb93ad37ba02b05b/3FCA93B0E5C2410998339FBF28C88405/spahn_jens_gross.jpg,party_members/CDU_CSU/spahn_jens.jpg
Alexander,Hoffmann,CDU/CSU,https://www.bundestag.de/resource/image/1052688/3x4/432/576/84738f59a366f26d0c36f246da5c83c4/56E8095EAABB1860819A14CF82B09C11/hoffmann_alexander_gross.jpg,party_members/CDU_CSU/hoffmann_alexander.jpg
Andreas,Jung,CDU/CSU,https://www.bundestag.de/resource/image/1052704/3x4/432/576/3101b22953f1a3fc73a7b554ed25c955/9659AC51179CD989FE1BDC8DAB83D5E3/jung_andreas_gross.jpg,party_members/CDU_CSU/jung_andreas.jpg
Ronja,Kemmer,CDU/CSU,https://www.bundestag.de/resource/image/1050512/3x4/432/576/946cad1fc4cb86287f9b9b62830f52a7/ADBBBB7BBAF55991F630796F025C36CF/kemmer_ronja.jpg,party_members/CDU_CSU/kemmer_ronja.jpg
Dr.,Günter Krings,CDU/CSU,https://www.bundestag.de/resource/image/1052744/3x4/432/576/6d890e1a096bdf8f75de68e6e4f0e997/C761EB29E4D79B87021AD5670347228A/krings_guenter_gross.jpg,party_members/CDU_CSU/günter_krings_dr..jpg
Carsten,Linnemann,CDU/CSU,https://www.bundestag.de/resource/image/1052824/3x4/432/576/3e84446bd8da0b05fa8ba95483d5add0/001BF3241F00D7370745E145D48AC3E6/linnemann_carsten_gross.jpg,party_members/CDU_CSU/linnemann_carsten.jpg
Patricia,Lips,CDU/CSU,https://www.bundestag.de/resource/image/1052858/3x4/432/576/a5252a593e37f54be96fe1d054e0dda8/77BE15FFE0ED253A803993748BBC25D5/lips_patricia_gross.jpg,party_members/CDU_CSU/lips_patricia.jpg
Mathias,Middelberg,CDU/CSU,https://www.bundestag.de/resource/image/1052898/3x4/432/576/438e7ce47ac820173117a9280c9503ea/7D41938DE4269EE221C92B4FC51C297E/Middelberg_Mathias_gross.jpg,party_members/CDU_CSU/middelberg_mathias.jpg
Sepp,Müller,CDU/CSU,https://www.bundestag.de/resource/image/1050576/3x4/432/576/5f5f0a276e40fe8b6f7150440074c013/2EC20E096458D81F4BEFE8001E44297A/mueller_sepp.jpg,party_members/CDU_CSU/müller_sepp.jpg
Norbert,Röttgen,CDU/CSU,https://www.bundestag.de/resource/image/1053016/3x4/432/576/c8945f52501801f875cb41f5da02d029/4BF9EA65D74036419C2073C9269AEC9D/roettgen_norbert_gross.jpg,party_members/CDU_CSU/röttgen_norbert.jpg
Albert,Stegemann,CDU/CSU,https://www.bundestag.de/resource/image/1056276/3x4/432/576/6d478249a26232f5c40a51508a55a20d/89A4600692A03878FF09528183E0A86D/stegemann_albert_gross.jpg,party_members/CDU_CSU/stegemann_albert.jpg
Stephan,Stracke,CDU/CSU,https://www.bundestag.de/resource/image/1053154/3x4/432/576/104abcced7aa87348f621ee64dbf3bb1/F80042A4B644A5115CDDF1829592B8C2/stracke_stephan_gross.jpg,party_members/CDU_CSU/stracke_stephan.jpg
Anja,Weisgerber,CDU/CSU,Not found,
Steffen,Bilger,CDU/CSU,https://www.bundestag.de/resource/image/1050086/3x4/432/576/107fe4cfdcf0aa12711b5db7b2da48d3/3F26BF893F490FC8D2E97E0BDE5EE5DA/bilger_steffen.jpg,party_members/CDU_CSU/bilger_steffen.jpg
Reinhard,Brandl,CDU/CSU,https://www.bundestag.de/resource/image/1052420/3x4/432/576/d697b42c1ec7a6f6b6a9b1bc59c35c26/22CB908EBB624F976255BFE5470F4610/brandl_reinhard_gross.jpg,party_members/CDU_CSU/brandl_reinhard.jpg
Hendrik,Hoppenstedt,CDU/CSU,https://www.bundestag.de/resource/image/1052682/3x4/432/576/41480c5febf6018aa54dd32b047c603/641D1101CEF97CC7986ABC84F24125D5/hoppenstedt_hendrik_gross.jpg,party_members/CDU_CSU/hoppenstedt_hendrik.jpg
Catarina,dos Santos-Wintz,CDU/CSU,https://www.bundestag.de/resource/image/1053054/3x4/432/576/c1dbbbcffa27ccb6ae049c5d772bd8c0/A7F73F00246F621181972FE114305B7F/santos_wintz_catarina.jpg,party_members/CDU_CSU/dos_santos-wintz_catarina.jpg
Felix,Schreiner,CDU/CSU,https://www.bundestag.de/resource/image/1053150/3x4/432/576/8a257cbb7eac36eca5d314cdbf30a9ac/58B7C5B19092BDE44EFA3508D77CDCE9/schreiner_felix_gross.jpg,party_members/CDU_CSU/schreiner_felix.jpg
Ansgar,Heveling,CDU/CSU,https://www.bundestag.de/resource/image/1052702/3x4/432/576/599f2b2a169205c2f48971feff2b190a/1ABD65675EF1237552B0C17647108F00/heveling_ansgar_gross.jpg,party_members/CDU_CSU/heveling_ansgar.jpg
Thomas,Silberhorn,CDU/CSU,https://www.bundestag.de/resource/image/1053082/3x4/432/576/5dbb516e307c732b15550d651da716b9/21FCF60809810FA30D47CBA66DD3729E/silberhorn_thomas_gross.jpg,party_members/CDU_CSU/silberhorn_thomas.jpg
Matthias,Miersch,SPD,Not found,
Siemtje,Möller,SPD,https://www.bundestag.de/resource/image/1050200/3x4/432/576/42ef756afb98529352eaf2f5b4ff2785/691BFA434387F4D96F40FF9B0B9256A4/moeller_siemtje.png,party_members/SPD/möller_siemtje.jpg
Armand,Zorn,SPD,https://www.bundestag.de/resource/image/1053298/3x4/432/576/3b2b462c32567b2694a533a648c6675d/6598E69F9A9590C995297CAE6ADA4883/zorn_armand.jpg,party_members/SPD/zorn_armand.jpg
Wiebke,Esdar,SPD,https://www.bundestag.de/resource/image/1050234/3x4/432/576/972f653d2a2fc009603f477908f6af6a/0D901AFC4104D46781A3143E4D8B2C8B/esdar_wiebke.jpg,party_members/SPD/esdar_wiebke.jpg
Sonja,Eichwede,SPD,https://www.bundestag.de/resource/image/1050208/3x4/432/576/49bb93ceb9469f7c4c3e3c28932c5735/627A477EDDDA9B2D7C86A482A4BD5000/eichwede_sonja.jpg,party_members/SPD/eichwede_sonja.jpg
Dagmar,Schmidt,SPD,https://www.bundestag.de/resource/image/1050950/3x4/432/576/8816d6ff4c6f9315d26fd970158f50d6/3AE4C70C6F33B76DD97BFFCC851099C4/schmidt_dagmar.jpg,party_members/SPD/schmidt_dagmar.jpg
Esra,Limbacher,SPD,Not found,
Dirk,Wiese,SPD,https://www.bundestag.de/resource/image/1050210/3x4/432/576/5ac0230ce3dd5b630d66360fb1cb2f9e/20185B9B3FD5CE76C2E744B8BAEC79C1/wiese_dirk.jpg,party_members/SPD/wiese_dirk.jpg
Derya,Türk-Nachbaur,SPD,https://www.bundestag.de/resource/image/1053206/3x4/432/576/fae45d101c3201869d98873173b75a91/DC6E6ADC5C098EEB35CAE915431FF607/tuerk_nachbaur_derya_bild.jpg,party_members/SPD/türk-nachbaur_derya.jpg
Marja-Liisa,Völlers,SPD,https://www.bundestag.de/resource/image/1050866/3x4/432/576/8e989cd60c0a792baaf17dd868abca04/548C44547F368C496A4BF9EA3290C558/voellers_marja.jpg,party_members/SPD/völlers_marja-liisa.jpg
Johannes,Fechner,SPD,https://www.bundestag.de/resource/image/1052560/3x4/432/576/2c1c140c1b0cfcdb3fc2df27062e6beb/D32E8E4F28B6DC27FB3B42DED6702203/fechner_johannes_gross.jpg,party_members/SPD/fechner_johannes.jpg
Tino,Chrupalla,AFD,https://www.bundestag.de/resource/image/1052472/3x4/432/576/b7445167dc22719c43ba4d2b2a97a55e/F4A4B9DD25B6BA4C2354F84188B47C42/chrupalla_tino_gross.jpg,party_members/AFD/chrupalla_tino.jpg
Alice,Weidel,AFD,https://www.bundestag.de/resource/image/1053272/3x4/432/576/eb0081487315de38e407003798bcec2d/260E791D14F65393D055376AE3F9D9E4/weidel_alice_gross.jpg,party_members/AFD/weidel_alice.jpg
Bernd,Baumann,AFD,Not found,
Stephan,Brandner,AFD,https://www.bundestag.de/resource/image/1052392/3x4/432/576/3c150825c938f5545f44816d99db7e9c/870FA9D5E61179E19B295624D54B6979/brandner_stephan_gross.jpg,party_members/AFD/brandner_stephan.jpg
Peter,Felser,AFD,https://www.bundestag.de/resource/image/1052542/3x4/432/576/7e56f0b60bc8b33144b0f8c944ce28b8/B6C04E07659103B9E7B0F80A54737E2F/felser_peter_bild.jpg,party_members/AFD/felser_peter.jpg
Götz,Frömming,AFD,Not found,
Enrico,Komning,AFD,https://www.bundestag.de/resource/image/1052734/3x4/432/576/15c35cf198ae8fdd39683e181b7549d7/BAD9494E16D4904DF581FC011098BEC7/komning_enrico_gross.jpg,party_members/AFD/komning_enrico.jpg
Markus,Frohnmaier,AFD,https://www.bundestag.de/resource/image/1052554/3x4/432/576/6b1c6bdc197e671cee5511b192f11abf/2F432E2A48675185DD3145FC2B44CCCC/frohnmaier_markus_gross.jpg,party_members/AFD/frohnmaier_markus.jpg
Stefan,Keuter,AFD,https://www.bundestag.de/resource/image/1052762/3x4/432/576/832ab62e91afc79e08b18616e98de22e/7AD1A329024400E731176664F45180D1/keuter_stefan_gross.jpg,party_members/AFD/keuter_stefan.jpg
Jörn,König,AFD,https://www.bundestag.de/resource/image/1052738/3x4/432/576/7895a8a63bf51a364cc7967389d2b9ae/547C10DD84804F7D7EF67F5E5E6A753F/koenig_joern_gross.jpg,party_members/AFD/könig_jörn.jpg
Sebastian,Münzenmaier,AFD,https://www.bundestag.de/resource/image/1052924/3x4/432/576/807fb78577ba6e6fff80bff97788930e/0C5ACC87735DEF5D0536864FB16C2AE3/muenzenmaier_sebastian_gross.jpg,party_members/AFD/münzenmaier_sebastian.jpg
Beatrix,von Storch,AFD,https://www.bundestag.de/resource/image/1053102/3x4/432/576/57213da54901535209c0add3e2fa4e1b/42FB72C0C0F6FA5C3D2F2D5E20C0DCAF/storch_beatrix_gross.jpg,party_members/AFD/von_storch_beatrix.jpg
Alexander,Gauland,AFD,Not found,
Katharina,Dröge,GRÜNE,https://www.bundestag.de/resource/image/1052490/3x4/432/576/462eb449ed84ddb9a8b40f49b7342578/5177896DA4A3CCE8C3873B18EDCA4B4D/droege_katharina_gross.jpg,party_members/GRUENE/dröge_katharina.jpg
Britta,Haßelmann,GRÜNE,https://www.bundestag.de/resource/image/1052624/3x4/432/576/e2e7e0d63c6e5b2b21a8ca7bdb70a179/AAE33B43EEE963C7EC86217653BED0E0/hasselmann_britta_gross.jpg,party_members/GRUENE/haßelmann_britta.jpg
Irene,Mihalic,GRÜNE,https://www.bundestag.de/resource/image/1049904/3x4/432/576/5108dcc8353657895126d105c4c50f48/447E958ABC87F2D197DFC5A2D8EDB9A0/mihalic_irine.jpg,party_members/GRUENE/mihalic_irene.jpg
Claudia,Müller,GRÜNE,https://www.bundestag.de/resource/image/1052870/3x4/432/576/f3dcfc2863875bf745645273d587effe/A396E68480334A318ADF2DAB9BC20228/mueller_claudia_gross.jpg,party_members/GRUENE/müller_claudia.jpg
Filiz,Polat,GRÜNE,https://www.bundestag.de/resource/image/1052984/3x4/432/576/aa649cc471c2054495837663b816a6c8/82C82EF5787060FA00DCAA69AD085AAD/polat_filiz_gross.jpg,party_members/GRUENE/polat_filiz.jpg
Anja,Reinalter,GRÜNE,https://www.bundestag.de/resource/image/1053014/3x4/432/576/56a664607816c588a1748fd8db16aa1f/9611312D12628C6B641C631259091C28/reinalter_anja.jpg,party_members/GRUENE/reinalter_anja.jpg
Andreas,Audretsch,GRÜNE,https://www.bundestag.de/resource/image/1052334/3x4/432/576/9c31e821c8be92c3e25fcc60108e3913/2E74F3D528A0CF88FDB0CF2C6E14677E/audretsch_andreas.jpg,party_members/GRUENE/audretsch_andreas.jpg
Agnieszka,Brugger,GRÜNE,https://www.bundestag.de/resource/image/1055806/3x4/432/576/1dca6655a513a60669ee24d00b5e7d62/6335EA14008A2DDF24DDE80A8E4D2F66/brugger_agnieszka_gross.png,party_members/GRUENE/brugger_agnieszka.jpg
Misbah,Khan,GRÜNE,https://www.bundestag.de/resource/image/1052764/3x4/432/576/cadabefe404cf7ecc4a89db080f95203/C4004F3394F4505E20ECE56DA6543488/khan_misbah.jpg,party_members/GRUENE/khan_misbah.jpg
Konstantin,von Notz,GRÜNE,https://www.bundestag.de/resource/image/1052948/3x4/432/576/65f2f8041989f3379a2b63e41f256d3b/C2DAEE49CF16015869974AA7C0133160/notz_konstantin_gross.jpg,party_members/GRUENE/von_notz_konstantin.jpg
Julia,Verlinden,GRÜNE,https://www.bundestag.de/resource/image/1053222/3x4/432/576/4f735044e322e279f62cc29c0837dde8/F53969221BE9168C432B3A2BEE2DD864/verlinden_julia_gross.jpg,party_members/GRUENE/verlinden_julia.jpg
Omid,Nouripour,GRÜNE,https://www.bundestag.de/resource/image/1052950/3x4/432/576/18753d65b14e765221bd70cdedd92099/886F73976251400DB34C12B5535C1A56/nouripour_omid_gross.jpg,party_members/GRUENE/nouripour_omid.jpg
Heidi,Reichinnek,LINKE,https://www.bundestag.de/resource/image/1050138/3x4/432/576/b0cdc5071a9ed69bc3e0a2719b135b72/FF84C20198F085B75AA387D90FCF4146/reichinnek_heidi.jpg,party_members/LINKE/reichinnek_heidi.jpg
Sören,Pellmann,LINKE,https://www.bundestag.de/resource/image/1050936/3x4/432/576/3a7a391b83de3ea3fbe805804333831/26E80A654B7827ADC6A05676CD5CC9A4/pellmann_soeren.jpg,party_members/LINKE/pellmann_sören.jpg
Ina,Latendorf,LINKE,https://www.bundestag.de/resource/image/1052852/3x4/432/576/383db99fbf9a0e91f95e63fb87d5bb11/F4F2272BD585E8ACF8655311EB7FBA1D/latendorf_ina.jpg,party_members/LINKE/latendorf_ina.jpg
Janine,Wissler,LINKE,https://www.bundestag.de/resource/image/1053250/3x4/432/576/a9d8012cc7a603959f960dac3e8d6a3f/53589180A8F938A8961E958E57EA429B/wissler_janine.jpg,party_members/LINKE/wissler_janine.jpg
Luigi,Pantisano,LINKE,https://www.bundestag.de/resource/image/1050134/3x4/432/576/ad5a84685d235117fad5c9b5e20db36d/FF005FCD4180B2E5C6A8503F4C55F22B/pantisano_luigi.jpg,party_members/LINKE/pantisano_luigi.jpg
Nicole,Gohlke,LINKE,https://www.bundestag.de/resource/image/1052596/3x4/432/576/f1ae7f3ed85966ed81d838241bcd3dee/D1BDF48085004676936475F69E1C963E/gohlke_nicole_gross.jpg,party_members/LINKE/gohlke_nicole.jpg
Clara,Bünger,LINKE,https://www.bundestag.de/resource/image/1050124/3x4/432/576/b39847f8511e8ded635f21c98de55a75/B527B8DE1FEE8CE9CECB574A51F6A1FE/buenger_clara.jpg,party_members/LINKE/bünger_clara.jpg
Desiree,Becker,LINKE,https://www.bundestag.de/resource/image/1058098/3x4/432/576/b67b4d909a7345719bc0de9c90ccfe61/77A1637C3C1A53DB22C19247AD19FEA2/becker_desiree.jpg,party_members/LINKE/becker_desiree.jpg
Kathrin,Gebel,LINKE,https://www.bundestag.de/resource/image/1062022/3x4/432/576/17c862e8823f605b367323c6c82dc36a/F7977555EA5DA3D9EB8E208F2079DDEA/gebel_kathrin.jpg,party_members/LINKE/gebel_kathrin.jpg
Ines,Schwerdtner,LINKE,https://www.bundestag.de/resource/image/1062006/3x4/432/576/2770c1bd30d348272afbaf96352e96c0/220B76538572C758BFEA43BA56CBD4A7/schwerdtner_ines.jpg,party_members/LINKE/schwerdtner_ines.jpg
Jan,van Aken,LINKE,https://www.bundestag.de/resource/image/1055564/3x4/432/576/ec63f277c03c736d90b4d6085e4138f/CD12435F1BBEF919D812290E75F4F263/aken_jan.jpg,party_members/LINKE/van_aken_jan.jpg
Bodo,Ramelow,LINKE,https://www.bundestag.de/resource/image/1050136/3x4/432/576/4e414104e870cbc3a39ac992085a28b/989D8D209D5EA80881A057138BEDEDCA/ramelow_bodo.jpg,party_members/LINKE/ramelow_bodo.jpg
